ayanwube,password1
ayadav,password1
aworboys,password1
awoolley,password1
awoodhead,password1
awoodford,password1
awood,password1
awitham,password1
awinfield,password1
awilson,password1
awilson,password1
awilson,password1
awilsdon,password1
awilliams,password1
awhiting,password1
awhite,password1
awhite,password1
awhatley,password1
awest,password1
awells,password1
awatson,password1
awarner,password1
awalters,password1
awalsh,password1
awalrond,password1
awallis,password1
awalker,password1
awakefield,password1
awade,password1
avettese,password1
aventer,password1
avass,password1
avaria,password1
aubhi,password1
btyger,password1
btwyford,password1
bturner,password1
btunley,password1
btune,password1
btrindell,password1
btramell,password1
btoshkova,password1
btomkins,password1
btomkins,password1
btobin,password1
btillekeratne,password1
btidy,password1
bthompson,password1
bthomas,password1
bthind,password1
bterry,password1
bteam,password1
btaylor,password1
btaylor2,password1
ctanriverdi,password1
csupport,password1
cstradling,password1
cstokes,password1
cstockton,password1
cstiles,password1
cstevens,password1
cstanton,password1
cstansby,password1
cssenyonga,password1
cspiller,password1
cspiers,password1
cspencer,password1
csohdi,password1
csmith2,password1
csmith,password1
csmith3,password1
csmith4,password1
csmith5,password1
csmall,password1
csiva,password1
csingh,password1
dsims,password1
dsimpson,password1
dsidhu,password1
dshort,password1
dsheikh,password1
dsheddon,password1
dshears,password1
dshaw,password1
dsharma,password1
dshah,password1
dselvaguru,password1
dselfridge,password1
dsehmi,password1
dsebastian,password1
dsearle,password1
dscriven,password1
dscott,password1
dsaund,password1
dsassi-sparkes,password1
dsaroop,password1
dsantos,password1
dsandhu,password1
dsandhu1,password1
dsandhu2,password1
dsandhu3,password1
dsamuel,password1
dsalmon,password1
dsaini,password1
dsahans,password1
druff,password1
drowley,password1
drowledge,password1
drowlands,password1
droughead,password1
drosario,password1
drooprai,password1
drobinson,password1
drobinson,password1
drobinson2,password1
drobinson3,password1
drichardson,password1
ereid,password1
erehal,password1
erees,password1
eravi,password1
eraveney,password1
eratcliffe,password1
erankine,password1
erandhawa,password1
erahman,password1
eradia,password1
equreshi,password1
eprendergast,password1
epower,password1
epotter,password1
epopoola,password1
epodles,password1
eplayle,password1
epettifor,password1
epether,password1
epeters,password1
eperry,password1
eperkins,password1
epenny,password1
fpeerbux,password1
fpeart,password1
fpearce,password1
fpeacock,password1
fpeach,password1
fpatrick,password1
fpaton,password1
fpatel,password1
fpatel1,password1
gpanesar,password1
gpanesar1,password1
gpadwal,password1
gpadwal1,password1
gotesanya,password1
go'shea,password1
goseni,password1
go'rourke,password1
gorme,password1
gonyango,password1
go'neill,password1
gomilabu,password1
gokatch,password1
gohari,password1
gogunsanya,password1
goake,password1
goake2,password1
gnwanze,password1
gnwanze1,password1
gnwalozie-mark,password1
gnunn,password1
gnugent,password1
gnugent,password1
gnorman,password1
gnoel,password1
gnoad,password1
gnirmalakumaran,password1
gnichols,password1
gnewman,password1
hnewman,password1
hnewman,password1
hnelson,password1
hnardone,password1
hnapper,password1
hmyers,password1
hmwonge,password1
hmutibwa,password1
hmuthirakkala,password1
hmurphy,password1
hmurphy,password1
hmundy,password1
hmunden,password1
hmullins,password1
hmulhall,password1
hmukherjee,password1
hmossman,password1
hmossman,password1
imoses,password1
imoscrop,password1
imontgomery,password1
imitchell,password1
iminto,password1
imiller,password1
imessaoudi,password1
imerrick,password1
imepstead,password1
imemory,password1
imedland,password1
imedland1,password1
imcquoid,password1
imcnelly,password1
imclaughlin,password1
jmcgrath,password1
jmcdonnell,password1
jmcdonald,password1
jmccarthy,password1
jmcaleavey,password1
jmazzone,password1
jmatthews-getty,password1
jmatthews,password1
jmartin,password1
jmartin,password1
jmansbridge,password1
jmann,password1
jmancunga,password1
jmalhotra,password1
jmalde,password1
jmakwana,password1
jmajendie,password1
jmahmoud,password1
jmahat,password1
jlynch,password1
jlowenberg,password1
jlord,password1
jlong,password1
jlogan,password1
jlock,password1
jlloyd-wynter,password1
jlinegar,password1
jlewis,password1
jletch,password1
jleonard,password1
jlemaire,password1
jlee,password1
jlayden,password1
jlawrence,password1
jlander,password1
jlakhenpaul,password1
jlais,password1
jladwa,password1
jladha,password1
jkokkinou,password1
jknight,password1
jkitson,password1
jkirwin,password1
jkinyanjui,password1
jkingston,password1
jking,password1
jkhasriya,password1
jkhan,password1
jkhan,password1
jkhan,password1
jkeys,password1
jkeogh,password1
jkemu,password1
kkay,password1
kkaukau,password1
kkamara,password1
kkalsi,password1
kkarwal,password1
kkakompe,password1
kkaill,password1
kkaderbhai,password1
kjosephs,password1
kjoseph,password1
kjordan,password1
kjones,password1
kjones,password1
kjones,password1
kjohns,password1
kjervis,password1
kjenkins,password1
kjenkins,password1
kjeffery,password1
kjames,password1
kjalloh,password1
kjadav,password1
kirfan,password1
kiqbal,password1
kions,password1
kiliffe,password1
kibrahimi,password1
khutchinson,password1
khutchinson,password1
lhutchins,password1
lhussein,password1
lhunt,password1
lhughes,password1
lhughes,password1
lhudson,password1
lhowes,password1
lhoward,password1
lhoward,password1
lhorne,password1
lholt,password1
lholmes,password1
lholden,password1
lhodges,password1
lhoare,password1
lhinds,password1
lhill-hottinger,password1
lhill2,password1
lhigginson,password1
lhedges,password1
lhazelgrove,password1
lhayter,password1
lhaynes,password1
lhayes,password1
lhawes,password1
lhassan,password1
lhassan1,password1
lhassan2,password1
lharvey,password1
mhart,password1
mharris,password1
mhaq,password1
mhankins,password1
mhanif,password1
mhammond,password1
mhamilton,password1
mhamilton,password1
mhalfrose,password1
mhadfield,password1
mguymer,password1
mguyett,password1
mgumbs,password1
mgrogan,password1
mgrogan,password1
mgrimes,password1
mgrigg,password1
mgriffiths,password1
mgregory,password1
mgreetham,password1
mgreenway,password1
mgreen,password1
mgray,password1
mgravesen,password1
mgrant,password1
mgrant,password1
mgovers,password1
mgouws,password1
mgoodwin,password1
mgoodmansingh,password1
mgomez,password1
mgomes,password1
mgollings,password1
mgodfrey,password1
mgleeson,password1
mgladwell,password1
mgill,password1
mgill1,password1
mghulam,password1
mghedia,password1
mgentry,password1
mgeard,password1
ngbenga-omole,password1
ngasiorek,password1
ngarrett,password1
ngallagher,password1
ngale,password1
nfreeman,password1
nfreeman1,password1
nfreeman2,password1
nfrancis,password1
nflynn,password1
nfield,password1
nfernandes,password1
nfenton,password1
nfeng,password1
nfaux,password1
ofarrell,password1
pfanning,password1
pfahey,password1
peverson,password1
pevans,password1
periaku,password1
pemmerson,password1
pelgar,password1
peleftheriou,password1
pelbouri,password1
pegyiawan,password1
pedwards,password1
pebanks-reid,password1
pebanks,password1
peast,password1
peales,password1
pdurell,password1
pduggal,password1
pdudley,password1
pducille,password1
pdraper,password1
pdoyle,password1
pdougherty,password1
pdougan,password1
pdonaldson,password1
pdoherty,password1
pdodds,password1
pdixon,password1
pdhokia,password1
pdhillon,password1
pdhatt,password1
pdharmasena,password1
pdhanoa,password1
pdhanoa,password1
pdhami,password1
pdezso,password1
pdevonshire,password1
rdevismes,password1
rdesai,password1
rderrick,password1
rdenness,password1
rdenness,password1
rdeegan,password1
rdeayton,password1
rdean,password1
rdeacon,password1
rdavies,password1
rdate,password1
rdaly,password1
rda-cahuna,password1
rcraft,password1
rcox,password1
rcox,password1
rcowles,password1
rcouchman-boor,password1
rcottington,password1
rcornell,password1
rcorcoran,password1
rcooper,password1
rcooper,password1
rconnelly,password1
rcompton,password1
rcollins,password1
rcoffils,password1
rcoe,password1
rcoe,password1
rcoates,password1
rclarke,password1
rcladdingbowl,password1
scimbracruz,password1
scilia,password1
schukwura,password1
schoudhry,password1
schhokar,password1
schester,password1
schaudhry,password1
schase,password1
scharleau,password1
schandler,password1
schadha,password1
scarver,password1
scartwright,password1
scarter,password1
scarter,password1
scarruthers,password1
scarman,password1
scannakamma,password1
scampbell,password1
sbutt,password1
sbutt1,password1
sbutt2,password1
sbutler,password1
sbush,password1
sburke,password1
sburke1,password1
sbuckwell,password1
sbuckley,password1
sbrowning,password1
sbrowne,password1
sbrowne1,password1
sbrown,password1
sbrown2,password1
sbrophy,password1
sbroad,password1
sbristol,password1
sbridle,password1
sbrebner,password1
sbraniff,password1
sbowley,password1
sbonner,password1
sbolton,password1
sblight,password1
sblazey,password1
sblaszczyk,password1
sblackford,password1
sbird,password1
sbhoobun,password1
sbhoobun,password1
sbhogal,password1
sbhatti,password1
sbhatti,password1
sbharkhada,password1
sbhardwaj,password1
sbhalla,password1
sbhachu,password1
sberry,password1
sbay,password1
tbatty,password1
tbarrett,password1
tbarnard,password1
tbarclay,password1
tbana,password1
tbamrah,password1
tbamgbose,password1
tbaldwin,password1
tbahl,password1
tbaga,password1
tayers,password1
tawesome,password1
tasuncion,password1
tasuncion,password1
taslam,password1
tashton,password1
tanthony,password1
tantao,password1
tanstis,password1
tanim,password1
tandrews,password1
tandrews,password1
tanderson,password1
uanderson,password1
vanderson,password1
vamanfo,password1
valoof,password1
vallum,password1
vali-kila,password1
vali,password1
valexander,password1
valexander,password1
vakinwale,password1
wakinmade,password1
wakinboro,password1
wakerele,password1
wahmad,password1
wahluwalia,password1
wagun,password1
wagarwal,password1
yadolphe,password1
yadeogun,password1
yadegoke,password1
yacton,password1
zackrill,password1
